{
    "intrinsic_parameters": {
        "focal_length": [
            956.6371790485458,
            957.5513954378681
        ],
        "skew": 0.0,
        "principal_point": [
            369.0548800881497,
            651.4141915180676
        ]
    },
    "extrinsic_parameters": [
        {
            "image_id": 1,
            "rotation_matrix": [
                [
                    0.9969984716073682,
                    0.01387206059406559,
                    -0.07616832377994477
                ],
                [
                    -0.025115354154223366,
                    0.988562698076327,
                    -0.1487044416208228
                ],
                [
                    0.07323432663908273,
                    0.15017109544425428,
                    0.985943900784823
                ]
            ],
            "translation_vector": [
                -3.938295164306197,
                -3.617162829386418,
                14.659111357236998
            ]
        },
        {
            "image_id": 2,
            "rotation_matrix": [
                [
                    0.9982833293027711,
                    0.05391999286629381,
                    -0.02286982303110211
                ],
                [
                    -0.050690182241520755,
                    0.9910078713356909,
                    0.1238301432407483
                ],
                [
                    0.02934109508004973,
                    -0.12245829216513536,
                    0.9920398514270996
                ]
            ],
            "translation_vector": [
                -4.371303012721214,
                -1.4596251596177978,
                15.813773428634619
            ]
        },
        {
            "image_id": 3,
            "rotation_matrix": [
                [
                    0.9172613443544508,
                    -0.003588548682743331,
                    -0.39826969313697114
                ],
                [
                    -0.07743035180507105,
                    0.9792740486767737,
                    -0.18715469058386652
                ],
                [
                    0.390686788581862,
                    0.20250792554009206,
                    0.8979723677937089
                ]
            ],
            "translation_vector": [
                -2.251729266333236,
                -4.8365956731744495,
                15.574468014062964
            ]
        },
        {
            "image_id": 4,
            "rotation_matrix": [
                [
                    0.917369397711804,
                    -0.1960012604688921,
                    -0.34643454509688765
                ],
                [
                    -0.01803988576743941,
                    0.8489900529043222,
                    -0.5281007977564642
                ],
                [
                    0.3976279047845859,
                    0.49071315038841345,
                    0.7753016531470177
                ]
            ],
            "translation_vector": [
                -2.7016367842168907,
                -4.098825611666377,
                14.663860934647488
            ]
        },
        {
            "image_id": 5,
            "rotation_matrix": [
                [
                    0.9306024197857087,
                    -0.07528469152176918,
                    0.35820573908224257
                ],
                [
                    -0.0795193632701444,
                    0.9136648225933949,
                    0.3986141778969873
                ],
                [
                    -0.35728952846969136,
                    -0.39943561080335876,
                    0.8442721040446932
                ]
            ],
            "translation_vector": [
                -3.0048856566408464,
                -2.0944107586774274,
                20.437824014552877
            ]
        },
        {
            "image_id": 6,
            "rotation_matrix": [
                [
                    0.9878516656613274,
                    0.14867539425861317,
                    0.04521851160959354
                ],
                [
                    -0.12616745874483828,
                    0.9372000907048278,
                    -0.3251734342419936
                ],
                [
                    -0.090724081720404,
                    0.3155180139467611,
                    0.9445726673322073
                ]
            ],
            "translation_vector": [
                -4.041921864040568,
                -2.285300685018746,
                16.690404168805458
            ]
        },
        {
            "image_id": 7,
            "rotation_matrix": [
                [
                    0.9911615843007622,
                    0.035618595541124114,
                    -0.12778900366651633
                ],
                [
                    -0.09617688016539164,
                    0.8564069090475461,
                    -0.5072644417434362
                ],
                [
                    0.0913713386574532,
                    0.5150713754299552,
                    0.8522633141727027
                ]
            ],
            "translation_vector": [
                -3.8669682146710773,
                -3.3138593826100693,
                16.511989566303356
            ]
        },
        {
            "image_id": 8,
            "rotation_matrix": [
                [
                    0.9970109559624408,
                    -0.02798631508802788,
                    0.07201333111760241
                ],
                [
                    0.011707251295852266,
                    0.9760492829934224,
                    0.2172342915727663
                ],
                [
                    -0.07636814753518373,
                    -0.21574189054474213,
                    0.9734594715273075
                ]
            ],
            "translation_vector": [
                -3.273682648342098,
                0.046139100038155134,
                19.139106583568264
            ]
        },
        {
            "image_id": 9,
            "rotation_matrix": [
                [
                    0.9954348958663437,
                    0.001546998394814354,
                    -0.09543047148331604
                ],
                [
                    0.017382883776297535,
                    0.9802070111442399,
                    0.19721067581471247
                ],
                [
                    0.09384670182367244,
                    -0.1979692453378613,
                    0.9757053727725272
                ]
            ],
            "translation_vector": [
                -2.8819931347688956,
                -0.6519172778984876,
                18.137437501443543
            ]
        },
        {
            "image_id": 10,
            "rotation_matrix": [
                [
                    0.9892467843725997,
                    -0.007156846745747173,
                    -0.14608072820577322
                ],
                [
                    0.018121359586860945,
                    0.9971035302902296,
                    0.07386586633543811
                ],
                [
                    0.1451289631162394,
                    -0.07571875215175573,
                    0.9865111528195645
                ]
            ],
            "translation_vector": [
                -1.8035626611323987,
                -1.5098717610815988,
                17.842398718038485
            ]
        },
        {
            "image_id": 11,